x-axis,1
second,Volt
-511.150000E-03,
-511.147500E-03,+143.517586E-03
-511.145000E-03,+141.934672E-03
-511.142500E-03,+139.296481E-03
-511.140000E-03,+139.296481E-03
-511.137500E-03,+140.879395E-03
-511.135000E-03,+141.934672E-03
-511.132500E-03,+139.296481E-03
-511.130000E-03,+140.879395E-03
-511.127500E-03,+141.934672E-03
-511.125000E-03,+139.296481E-03
-511.122500E-03,+139.296481E-03
-511.120000E-03,+139.296481E-03
-511.117500E-03,+139.296481E-03
-511.115000E-03,+139.296481E-03
-511.112500E-03,+137.713566E-03
-511.110000E-03,+136.658290E-03
-511.107500E-03,+139.296481E-03
-511.105000E-03,+139.296481E-03
-511.102500E-03,+140.879395E-03
-511.100000E-03,+141.934672E-03
-511.097500E-03,+139.296481E-03
-511.095000E-03,+140.879395E-03
-511.092500E-03,+141.934672E-03
-511.090000E-03,+139.296481E-03
-511.087500E-03,+139.296481E-03
-511.085000E-03,+139.296481E-03
-511.082500E-03,+139.296481E-03
-511.080000E-03,+140.879395E-03
-511.077500E-03,+141.934672E-03
-511.075000E-03,+139.296481E-03
-511.072500E-03,+140.879395E-03
-511.070000E-03,+141.934672E-03
-511.067500E-03,+139.296481E-03
-511.065000E-03,+140.879395E-03
-511.062500E-03,+141.934672E-03
-511.060000E-03,+139.296481E-03
-511.057500E-03,+140.879395E-03
-511.055000E-03,+141.934672E-03
-511.052500E-03,+139.296481E-03
-511.050000E-03,+139.296481E-03
-511.047500E-03,+140.879395E-03
-511.045000E-03,+141.934672E-03
-511.042500E-03,+140.879395E-03
-511.040000E-03,+141.934672E-03
-511.037500E-03,+140.879395E-03
-511.035000E-03,+141.934672E-03
-511.032500E-03,+139.296481E-03
-511.030000E-03,+139.296481E-03
-511.027500E-03,+142.462310E-03
-511.025000E-03,+146.155777E-03
-511.022500E-03,+145.100501E-03
-511.020000E-03,+144.572863E-03
-511.017500E-03,+139.296481E-03
-511.015000E-03,+139.296481E-03
-511.012500E-03,+140.879395E-03
-511.010000E-03,+143.517586E-03
-511.007500E-03,+143.517586E-03
-511.005000E-03,+143.517586E-03
-511.002500E-03,+145.100501E-03
-511.000000E-03,+144.572863E-03
-510.997500E-03,+139.296481E-03
-510.995000E-03,+139.296481E-03
-510.992500E-03,+139.296481E-03
-510.990000E-03,+139.296481E-03
-510.987500E-03,+140.879395E-03
-510.985000E-03,+141.934672E-03
-510.982500E-03,+139.296481E-03
-510.980000E-03,+139.296481E-03
-510.977500E-03,+142.462310E-03
-510.975000E-03,+146.155777E-03
-510.972500E-03,+141.934672E-03
-510.970000E-03,+139.296481E-03
-510.967500E-03,+139.296481E-03
-510.965000E-03,+139.296481E-03
-510.962500E-03,+139.296481E-03
-510.960000E-03,+140.879395E-03
-510.957500E-03,+141.934672E-03
-510.955000E-03,+140.879395E-03
-510.952500E-03,+140.351757E-03
-510.950000E-03,+136.658290E-03
-510.947500E-03,+139.296481E-03
-510.945000E-03,+140.879395E-03
-510.942500E-03,+141.934672E-03
-510.940000E-03,+140.879395E-03
-510.937500E-03,+141.934672E-03
-510.935000E-03,+139.296481E-03
-510.932500E-03,+139.296481E-03
-510.930000E-03,+140.879395E-03
-510.927500E-03,+141.934672E-03
-510.925000E-03,+137.713566E-03
-510.922500E-03,+138.241205E-03
-510.920000E-03,+141.934672E-03
-510.917500E-03,+139.296481E-03
-510.915000E-03,+139.296481E-03
-510.912500E-03,+140.879395E-03
-510.910000E-03,+141.934672E-03
-510.907500E-03,+139.296481E-03
-510.905000E-03,+140.879395E-03
-510.902500E-03,+143.517586E-03
-510.900000E-03,+141.934672E-03
-510.897500E-03,+139.296481E-03
-510.895000E-03,+139.296481E-03
-510.892500E-03,+139.296481E-03
-510.890000E-03,+139.296481E-03
-510.887500E-03,+140.879395E-03
-510.885000E-03,+141.934672E-03
-510.882500E-03,+139.296481E-03
-510.880000E-03,+139.296481E-03
-510.877500E-03,+140.879395E-03
-510.875000E-03,+141.934672E-03
-510.872500E-03,+139.296481E-03
-510.870000E-03,+140.879395E-03
-510.867500E-03,+141.934672E-03
-510.865000E-03,+139.296481E-03
-510.862500E-03,+140.879395E-03
-510.860000E-03,+143.517586E-03
-510.857500E-03,+141.934672E-03
-510.855000E-03,+139.296481E-03
-510.852500E-03,+139.296481E-03
-510.850000E-03,+140.879395E-03
-510.847500E-03,+143.517586E-03
-510.845000E-03,+143.517586E-03
-510.842500E-03,+145.100501E-03
-510.840000E-03,+147.738692E-03
-510.837500E-03,+144.572863E-03
-510.835000E-03,+140.879395E-03
-510.832500E-03,+145.100501E-03
-510.830000E-03,+146.155777E-03
-510.827500E-03,+141.934672E-03
-510.825000E-03,+140.879395E-03
-510.822500E-03,+143.517586E-03
-510.820000E-03,+145.100501E-03
-510.817500E-03,+146.155777E-03
-510.815000E-03,+143.517586E-03
-510.812500E-03,+143.517586E-03
-510.810000E-03,+143.517586E-03
-510.807500E-03,+143.517586E-03
-510.805000E-03,+141.934672E-03
-510.802500E-03,+139.296481E-03
-510.800000E-03,+140.879395E-03
-510.797500E-03,+143.517586E-03
-510.795000E-03,+141.934672E-03
-510.792500E-03,+140.879395E-03
-510.790000E-03,+143.517586E-03
-510.787500E-03,+143.517586E-03
-510.785000E-03,+143.517586E-03
-510.782500E-03,+143.517586E-03
-510.780000E-03,+143.517586E-03
-510.777500E-03,+141.934672E-03
-510.775000E-03,+139.296481E-03
-510.772500E-03,+139.296481E-03
-510.770000E-03,+139.296481E-03
-510.767500E-03,+140.879395E-03
-510.765000E-03,+141.934672E-03
-510.762500E-03,+140.879395E-03
-510.760000E-03,+143.517586E-03
-510.757500E-03,+141.934672E-03
-510.755000E-03,+139.296481E-03
-510.752500E-03,+139.296481E-03
-510.750000E-03,+139.296481E-03
-510.747500E-03,+139.296481E-03
-510.745000E-03,+142.462310E-03
-510.742500E-03,+144.572863E-03
-510.740000E-03,+136.130652E-03
-510.737500E-03,+134.020099E-03
-510.735000E-03,+140.879395E-03
-510.732500E-03,+143.517586E-03
-510.730000E-03,+140.351757E-03
-510.727500E-03,+136.658290E-03
-510.725000E-03,+139.296481E-03
-510.722500E-03,+139.296481E-03
-510.720000E-03,+140.879395E-03
-510.717500E-03,+141.934672E-03
-510.715000E-03,+140.879395E-03
-510.712500E-03,+143.517586E-03
-510.710000E-03,+141.934672E-03
-510.707500E-03,+139.296481E-03
-510.705000E-03,+140.879395E-03
-510.702500E-03,+143.517586E-03
-510.700000E-03,+143.517586E-03
-510.697500E-03,+143.517586E-03
-510.695000E-03,+141.934672E-03
-510.692500E-03,+140.879395E-03
-510.690000E-03,+141.934672E-03
-510.687500E-03,+140.879395E-03
-510.685000E-03,+141.934672E-03
-510.682500E-03,+139.296481E-03
-510.680000E-03,+140.879395E-03
-510.677500E-03,+140.351757E-03
-510.675000E-03,+136.658290E-03
-510.672500E-03,+139.296481E-03
-510.670000E-03,+139.296481E-03
-510.667500E-03,+139.296481E-03
-510.665000E-03,+140.879395E-03
-510.662500E-03,+143.517586E-03
-510.660000E-03,+143.517586E-03
-510.657500E-03,+143.517586E-03
-510.655000E-03,+143.517586E-03
-510.652500E-03,+141.934672E-03
-510.650000E-03,+139.296481E-03
-510.647500E-03,+140.879395E-03
-510.645000E-03,+141.934672E-03
-510.642500E-03,+137.713566E-03
-510.640000E-03,+136.658290E-03
-510.637500E-03,+140.879395E-03
-510.635000E-03,+143.517586E-03
-510.632500E-03,+140.351757E-03
-510.630000E-03,+138.241205E-03
-510.627500E-03,+143.517586E-03
-510.625000E-03,+141.934672E-03
-510.622500E-03,+139.296481E-03
-510.620000E-03,+139.296481E-03
-510.617500E-03,+139.296481E-03
-510.615000E-03,+140.879395E-03
-510.612500E-03,+143.517586E-03
-510.610000E-03,+141.934672E-03
-510.607500E-03,+140.879395E-03
-510.605000E-03,+143.517586E-03
-510.602500E-03,+141.934672E-03
-510.600000E-03,+139.296481E-03
-510.597500E-03,+140.879395E-03
-510.595000E-03,+140.351757E-03
-510.592500E-03,+136.658290E-03
-510.590000E-03,+137.713566E-03
-510.587500E-03,+136.658290E-03
-510.585000E-03,+139.296481E-03
-510.582500E-03,+139.296481E-03
-510.580000E-03,+140.879395E-03
-510.577500E-03,+141.934672E-03
-510.575000E-03,+139.296481E-03
-510.572500E-03,+142.462310E-03
-510.570000E-03,+146.155777E-03
-510.567500E-03,+143.517586E-03
-510.565000E-03,+143.517586E-03
-510.562500E-03,+141.934672E-03
-510.560000E-03,+139.296481E-03
-510.557500E-03,+139.296481E-03
-510.555000E-03,+139.296481E-03
-510.552500E-03,+139.296481E-03
-510.550000E-03,+140.879395E-03
-510.547500E-03,+141.934672E-03
-510.545000E-03,+140.879395E-03
-510.542500E-03,+143.517586E-03
-510.540000E-03,+143.517586E-03
-510.537500E-03,+141.934672E-03
-510.535000E-03,+140.879395E-03
-510.532500E-03,+143.517586E-03
-510.530000E-03,+143.517586E-03
-510.527500E-03,+141.934672E-03
-510.525000E-03,+145.628139E-03
-510.522500E-03,+149.849245E-03
-510.520000E-03,+139.296481E-03
-510.517500E-03,+139.296481E-03
-510.515000E-03,+139.296481E-03
-510.512500E-03,+139.296481E-03
-510.510000E-03,+139.296481E-03
-510.507500E-03,+140.879395E-03
-510.505000E-03,+143.517586E-03
-510.502500E-03,+143.517586E-03
-510.500000E-03,+141.934672E-03
-510.497500E-03,+139.296481E-03
-510.495000E-03,+139.296481E-03
-510.492500E-03,+140.879395E-03
-510.490000E-03,+141.934672E-03
-510.487500E-03,+140.879395E-03
-510.485000E-03,+143.517586E-03
-510.482500E-03,+141.934672E-03
-510.480000E-03,+139.296481E-03
-510.477500E-03,+140.879395E-03
-510.475000E-03,+141.934672E-03
-510.472500E-03,+139.296481E-03
-510.470000E-03,+140.879395E-03
-510.467500E-03,+141.934672E-03
-510.465000E-03,+139.296481E-03
-510.462500E-03,+140.879395E-03
-510.460000E-03,+141.934672E-03
-510.457500E-03,+140.879395E-03
-510.455000E-03,+141.934672E-03
-510.452500E-03,+140.879395E-03
-510.450000E-03,+141.934672E-03
-510.447500E-03,+139.296481E-03
-510.445000E-03,+140.879395E-03
-510.442500E-03,+141.934672E-03
-510.440000E-03,+139.296481E-03
-510.437500E-03,+139.296481E-03
-510.435000E-03,+142.462310E-03
-510.432500E-03,+144.572863E-03
-510.430000E-03,+136.130652E-03
-510.427500E-03,+129.271355E-03
-510.425000E-03,+131.381908E-03
-510.422500E-03,+139.296481E-03
-510.420000E-03,+139.296481E-03
-510.417500E-03,+140.879395E-03
-510.415000E-03,+141.934672E-03
-510.412500E-03,+140.879395E-03
-510.410000E-03,+143.517586E-03
-510.407500E-03,+143.517586E-03
-510.405000E-03,+141.934672E-03
-510.402500E-03,+137.713566E-03
-510.400000E-03,+136.658290E-03
-510.397500E-03,+140.879395E-03
-510.395000E-03,+141.934672E-03
-510.392500E-03,+140.879395E-03
-510.390000E-03,+141.934672E-03
-510.387500E-03,+140.879395E-03
-510.385000E-03,+143.517586E-03
-510.382500E-03,+141.934672E-03
-510.380000E-03,+140.879395E-03
-510.377500E-03,+141.934672E-03
-510.375000E-03,+140.879395E-03
-510.372500E-03,+141.934672E-03
-510.370000E-03,+139.296481E-03
-510.367500E-03,+139.296481E-03
-510.365000E-03,+137.713566E-03
-510.362500E-03,+136.658290E-03
-510.360000E-03,+139.296481E-03
-510.357500E-03,+139.296481E-03
-510.355000E-03,+139.296481E-03
-510.352500E-03,+139.296481E-03
-510.350000E-03,+139.296481E-03
-510.347500E-03,+139.296481E-03
-510.345000E-03,+140.879395E-03
-510.342500E-03,+143.517586E-03
-510.340000E-03,+143.517586E-03
-510.337500E-03,+141.934672E-03
-510.335000E-03,+139.296481E-03
-510.332500E-03,+140.879395E-03
-510.330000E-03,+141.934672E-03
-510.327500E-03,+140.879395E-03
-510.325000E-03,+141.934672E-03
-510.322500E-03,+140.879395E-03
-510.320000E-03,+143.517586E-03
-510.317500E-03,+141.934672E-03
-510.315000E-03,+139.296481E-03
-510.312500E-03,+137.713566E-03
-510.310000E-03,+138.241205E-03
-510.307500E-03,+141.934672E-03
-510.305000E-03,+139.296481E-03
-510.302500E-03,+139.296481E-03
-510.300000E-03,+140.879395E-03
-510.297500E-03,+141.934672E-03
-510.295000E-03,+140.879395E-03
-510.292500E-03,+143.517586E-03
-510.290000E-03,+143.517586E-03
-510.287500E-03,+141.934672E-03
-510.285000E-03,+139.296481E-03
-510.282500E-03,+139.296481E-03
-510.280000E-03,+140.879395E-03
-510.277500E-03,+141.934672E-03
-510.275000E-03,+140.879395E-03
-510.272500E-03,+141.934672E-03
-510.270000E-03,+140.879395E-03
-510.267500E-03,+141.934672E-03
-510.265000E-03,+140.879395E-03
-510.262500E-03,+141.934672E-03
-510.260000E-03,+139.296481E-03
-510.257500E-03,+139.296481E-03
-510.255000E-03,+139.296481E-03
-510.252500E-03,+140.879395E-03
-510.250000E-03,+141.934672E-03
-510.247500E-03,+139.296481E-03
-510.245000E-03,+140.879395E-03
-510.242500E-03,+143.517586E-03
-510.240000E-03,+143.517586E-03
-510.237500E-03,+143.517586E-03
-510.235000E-03,+143.517586E-03
-510.232500E-03,+143.517586E-03
-510.230000E-03,+141.934672E-03
-510.227500E-03,+140.879395E-03
-510.225000E-03,+141.934672E-03
-510.222500E-03,+140.879395E-03
-510.220000E-03,+143.517586E-03
-510.217500E-03,+141.934672E-03
-510.215000E-03,+139.296481E-03
-510.212500E-03,+139.296481E-03
-510.210000E-03,+140.879395E-03
-510.207500E-03,+141.934672E-03
-510.205000E-03,+139.296481E-03
-510.202500E-03,+139.296481E-03
-510.200000E-03,+140.879395E-03
-510.197500E-03,+141.934672E-03
-510.195000E-03,+144.045225E-03
-510.192500E-03,+147.211054E-03
-510.190000E-03,+140.879395E-03
-510.187500E-03,+141.934672E-03
-510.185000E-03,+142.462310E-03
-510.182500E-03,+146.155777E-03
-510.180000E-03,+141.934672E-03
-510.177500E-03,+140.879395E-03
-510.175000E-03,+143.517586E-03
-510.172500E-03,+141.934672E-03
-510.170000E-03,+139.296481E-03
-510.167500E-03,+140.879395E-03
-510.165000E-03,+141.934672E-03
-510.162500E-03,+139.296481E-03
-510.160000E-03,+139.296481E-03
-510.157500E-03,+139.296481E-03
-510.155000E-03,+139.296481E-03
-510.152500E-03,+139.296481E-03
-510.150000E-03,+140.879395E-03
-510.147500E-03,+141.934672E-03
-510.145000E-03,+139.296481E-03
-510.142500E-03,+139.296481E-03
-510.140000E-03,+139.296481E-03
-510.137500E-03,+139.296481E-03
-510.135000E-03,+139.296481E-03
-510.132500E-03,+139.296481E-03
-510.130000E-03,+139.296481E-03
-510.127500E-03,+139.296481E-03
-510.125000E-03,+140.879395E-03
-510.122500E-03,+143.517586E-03
-510.120000E-03,+143.517586E-03
-510.117500E-03,+143.517586E-03
-510.115000E-03,+143.517586E-03
-510.112500E-03,+143.517586E-03
-510.110000E-03,+143.517586E-03
-510.107500E-03,+141.934672E-03
-510.105000E-03,+140.879395E-03
-510.102500E-03,+145.100501E-03
-510.100000E-03,+146.155777E-03
-510.097500E-03,+143.517586E-03
-510.095000E-03,+143.517586E-03
-510.092500E-03,+143.517586E-03
-510.090000E-03,+143.517586E-03
-510.087500E-03,+143.517586E-03
-510.085000E-03,+143.517586E-03
-510.082500E-03,+145.100501E-03
-510.080000E-03,+146.155777E-03
-510.077500E-03,+143.517586E-03
-510.075000E-03,+145.100501E-03
-510.072500E-03,+147.738692E-03
-510.070000E-03,+147.738692E-03
-510.067500E-03,+147.738692E-03
-510.065000E-03,+147.738692E-03
-510.062500E-03,+147.738692E-03
-510.060000E-03,+149.321606E-03
-510.057500E-03,+150.376883E-03
-510.055000E-03,+149.321606E-03
-510.052500E-03,+151.959797E-03
-510.050000E-03,+151.959797E-03
-510.047500E-03,+151.959797E-03
-510.045000E-03,+150.376883E-03
-510.042500E-03,+147.738692E-03
-510.040000E-03,+147.738692E-03
-510.037500E-03,+146.155777E-03
-510.035000E-03,+143.517586E-03
-510.032500E-03,+145.100501E-03
-510.030000E-03,+146.155777E-03
-510.027500E-03,+145.100501E-03
-510.025000E-03,+146.155777E-03
-510.022500E-03,+145.100501E-03
-510.020000E-03,+147.738692E-03
-510.017500E-03,+147.738692E-03
-510.015000E-03,+146.155777E-03
-510.012500E-03,+145.100501E-03
-510.010000E-03,+147.738692E-03
-510.007500E-03,+144.572863E-03
-510.005000E-03,+139.296481E-03
-510.002500E-03,+140.879395E-03
-510.000000E-03,+145.100501E-03
-509.997500E-03,+146.155777E-03
-509.995000E-03,+145.100501E-03
-509.992500E-03,+147.738692E-03
-509.990000E-03,+146.155777E-03
-509.987500E-03,+143.517586E-03
-509.985000E-03,+143.517586E-03
-509.982500E-03,+141.934672E-03
-509.980000E-03,+140.879395E-03
-509.977500E-03,+143.517586E-03
-509.975000E-03,+143.517586E-03
-509.972500E-03,+143.517586E-03
-509.970000E-03,+140.351757E-03
-509.967500E-03,+138.241205E-03
-509.965000E-03,+143.517586E-03
-509.962500E-03,+146.683416E-03
-509.960000E-03,+147.211054E-03
-509.957500E-03,+142.462310E-03
-509.955000E-03,+146.155777E-03
-509.952500E-03,+143.517586E-03
-509.950000E-03,+143.517586E-03
-509.947500E-03,+143.517586E-03
-509.945000E-03,+143.517586E-03
-509.942500E-03,+145.100501E-03
-509.940000E-03,+146.155777E-03
-509.937500E-03,+143.517586E-03
-509.935000E-03,+141.934672E-03
-509.932500E-03,+140.879395E-03
-509.930000E-03,+143.517586E-03
-509.927500E-03,+141.934672E-03
-509.925000E-03,+142.462310E-03
-509.922500E-03,+144.572863E-03
-509.920000E-03,+140.879395E-03
-509.917500E-03,+143.517586E-03
-509.915000E-03,+145.100501E-03
-509.912500E-03,+146.155777E-03
-509.910000E-03,+143.517586E-03
-509.907500E-03,+143.517586E-03
-509.905000E-03,+143.517586E-03
-509.902500E-03,+143.517586E-03
-509.900000E-03,+141.934672E-03
-509.897500E-03,+139.296481E-03
-509.895000E-03,+140.879395E-03
-509.892500E-03,+143.517586E-03
-509.890000E-03,+143.517586E-03
-509.887500E-03,+141.934672E-03
-509.885000E-03,+140.879395E-03
-509.882500E-03,+141.934672E-03
-509.880000E-03,+139.296481E-03
-509.877500E-03,+139.296481E-03
-509.875000E-03,+140.879395E-03
-509.872500E-03,+143.517586E-03
-509.870000E-03,+143.517586E-03
-509.867500E-03,+145.100501E-03
-509.865000E-03,+144.572863E-03
-509.862500E-03,+140.879395E-03
-509.860000E-03,+143.517586E-03
-509.857500E-03,+143.517586E-03
-509.855000E-03,+145.100501E-03
-509.852500E-03,+146.155777E-03
-509.850000E-03,+143.517586E-03
-509.847500E-03,+143.517586E-03
-509.845000E-03,+143.517586E-03
-509.842500E-03,+143.517586E-03
-509.840000E-03,+143.517586E-03
-509.837500E-03,+143.517586E-03
-509.835000E-03,+145.100501E-03
-509.832500E-03,+150.904521E-03
-509.830000E-03,+151.432159E-03
-509.827500E-03,+143.517586E-03
-509.825000E-03,+141.934672E-03
-509.822500E-03,+140.879395E-03
-509.820000E-03,+141.934672E-03
-509.817500E-03,+139.296481E-03
-509.815000E-03,+140.879395E-03
-509.812500E-03,+143.517586E-03
-509.810000E-03,+143.517586E-03
-509.807500E-03,+145.100501E-03
-509.805000E-03,+146.155777E-03
-509.802500E-03,+143.517586E-03
-509.800000E-03,+143.517586E-03
-509.797500E-03,+143.517586E-03
-509.795000E-03,+143.517586E-03
-509.792500E-03,+143.517586E-03
-509.790000E-03,+143.517586E-03
-509.787500E-03,+143.517586E-03
-509.785000E-03,+141.934672E-03
-509.782500E-03,+140.879395E-03
-509.780000E-03,+145.100501E-03
-509.777500E-03,+144.572863E-03
-509.775000E-03,+140.879395E-03
-509.772500E-03,+143.517586E-03
-509.770000E-03,+141.934672E-03
-509.767500E-03,+140.879395E-03
-509.765000E-03,+141.934672E-03
-509.762500E-03,+139.296481E-03
-509.760000E-03,+139.296481E-03
-509.757500E-03,+139.296481E-03
-509.755000E-03,+140.879395E-03
-509.752500E-03,+141.934672E-03
-509.750000E-03,+140.879395E-03
-509.747500E-03,+143.517586E-03
-509.745000E-03,+141.934672E-03
-509.742500E-03,+140.879395E-03
-509.740000E-03,+145.100501E-03
-509.737500E-03,+146.155777E-03
-509.735000E-03,+141.934672E-03
-509.732500E-03,+140.879395E-03
-509.730000E-03,+143.517586E-03
-509.727500E-03,+143.517586E-03
-509.725000E-03,+143.517586E-03
-509.722500E-03,+145.100501E-03
-509.720000E-03,+147.738692E-03
-509.717500E-03,+146.155777E-03
-509.715000E-03,+143.517586E-03
-509.712500E-03,+141.934672E-03
-509.710000E-03,+140.879395E-03
-509.707500E-03,+145.100501E-03
-509.705000E-03,+142.989948E-03
-509.702500E-03,+139.824119E-03
-509.700000E-03,+146.155777E-03
-509.697500E-03,+143.517586E-03
-509.695000E-03,+141.934672E-03
-509.692500E-03,+140.879395E-03
-509.690000E-03,+137.185928E-03
-509.687500E-03,+132.964823E-03
-509.685000E-03,+141.934672E-03
-509.682500E-03,+139.296481E-03
-509.680000E-03,+140.879395E-03
-509.677500E-03,+140.351757E-03
-509.675000E-03,+138.241205E-03
-509.672500E-03,+141.934672E-03
-509.670000E-03,+145.628139E-03
-509.667500E-03,+151.432159E-03
-509.665000E-03,+141.934672E-03
-509.662500E-03,+140.879395E-03
-509.660000E-03,+141.934672E-03
-509.657500E-03,+140.879395E-03
-509.655000E-03,+143.517586E-03
-509.652500E-03,+143.517586E-03
-509.650000E-03,+143.517586E-03
-509.647500E-03,+141.934672E-03
-509.645000E-03,+144.045225E-03
-509.642500E-03,+147.211054E-03
-509.640000E-03,+140.879395E-03
-509.637500E-03,+141.934672E-03
-509.635000E-03,+142.462310E-03
-509.632500E-03,+146.155777E-03
-509.630000E-03,+141.934672E-03
-509.627500E-03,+140.879395E-03
-509.625000E-03,+140.351757E-03
-509.622500E-03,+139.824119E-03
-509.620000E-03,+146.155777E-03
-509.617500E-03,+143.517586E-03
-509.615000E-03,+143.517586E-03
-509.612500E-03,+143.517586E-03
-509.610000E-03,+141.934672E-03
-509.607500E-03,+139.296481E-03
-509.605000E-03,+137.713566E-03
-509.602500E-03,+138.241205E-03
-509.600000E-03,+143.517586E-03
-509.597500E-03,+141.934672E-03
-509.595000E-03,+140.879395E-03
-509.592500E-03,+143.517586E-03
-509.590000E-03,+141.934672E-03
-509.587500E-03,+140.879395E-03
-509.585000E-03,+143.517586E-03
-509.582500E-03,+141.934672E-03
-509.580000E-03,+136.130652E-03
-509.577500E-03,+135.603014E-03
-509.575000E-03,+141.934672E-03
-509.572500E-03,+140.879395E-03
-509.570000E-03,+143.517586E-03
-509.567500E-03,+141.934672E-03
-509.565000E-03,+139.296481E-03
-509.562500E-03,+137.713566E-03
-509.560000E-03,+138.241205E-03
-509.557500E-03,+143.517586E-03
-509.555000E-03,+143.517586E-03
-509.552500E-03,+141.934672E-03
-509.550000E-03,+137.713566E-03
-509.547500E-03,+136.658290E-03
-509.545000E-03,+139.296481E-03
-509.542500E-03,+139.296481E-03
-509.540000E-03,+140.879395E-03
-509.537500E-03,+141.934672E-03
-509.535000E-03,+140.879395E-03
-509.532500E-03,+138.768843E-03
-509.530000E-03,+135.603014E-03
-509.527500E-03,+141.934672E-03
-509.525000E-03,+139.296481E-03
-509.522500E-03,+140.879395E-03
-509.520000E-03,+141.934672E-03
-509.517500E-03,+139.296481E-03
-509.515000E-03,+140.879395E-03
-509.512500E-03,+143.517586E-03
-509.510000E-03,+143.517586E-03
-509.507500E-03,+141.934672E-03
-509.505000E-03,+140.879395E-03
-509.502500E-03,+146.683416E-03
-509.500000E-03,+147.211054E-03
-509.497500E-03,+139.296481E-03
-509.495000E-03,+139.296481E-03
-509.492500E-03,+140.879395E-03
-509.490000E-03,+141.934672E-03
-509.487500E-03,+139.296481E-03
-509.485000E-03,+140.879395E-03
-509.482500E-03,+141.934672E-03
-509.480000E-03,+139.296481E-03
-509.477500E-03,+139.296481E-03
-509.475000E-03,+139.296481E-03
-509.472500E-03,+140.879395E-03
-509.470000E-03,+145.100501E-03
-509.467500E-03,+144.572863E-03
-509.465000E-03,+140.879395E-03
-509.462500E-03,+143.517586E-03
-509.460000E-03,+141.934672E-03
-509.457500E-03,+140.879395E-03
-509.455000E-03,+138.768843E-03
-509.452500E-03,+135.603014E-03
-509.450000E-03,+143.517586E-03
-509.447500E-03,+143.517586E-03
-509.445000E-03,+143.517586E-03
-509.442500E-03,+143.517586E-03
-509.440000E-03,+141.934672E-03
-509.437500E-03,+142.462310E-03
-509.435000E-03,+147.738692E-03
-509.432500E-03,+146.155777E-03
-509.430000E-03,+143.517586E-03
-509.427500E-03,+143.517586E-03
-509.425000E-03,+141.934672E-03
-509.422500E-03,+139.296481E-03
-509.420000E-03,+140.879395E-03
-509.417500E-03,+143.517586E-03
-509.415000E-03,+143.517586E-03
-509.412500E-03,+143.517586E-03
-509.410000E-03,+143.517586E-03
-509.407500E-03,+145.100501E-03
-509.405000E-03,+144.572863E-03
-509.402500E-03,+140.879395E-03
-509.400000E-03,+143.517586E-03
-509.397500E-03,+143.517586E-03
-509.395000E-03,+143.517586E-03
-509.392500E-03,+143.517586E-03
-509.390000E-03,+143.517586E-03
-509.387500E-03,+145.100501E-03
-509.385000E-03,+142.989948E-03
-509.382500E-03,+139.824119E-03
-509.380000E-03,+146.155777E-03
-509.377500E-03,+141.934672E-03
-509.375000E-03,+140.879395E-03
-509.372500E-03,+143.517586E-03
-509.370000E-03,+145.100501E-03
-509.367500E-03,+146.155777E-03
-509.365000E-03,+143.517586E-03
-509.362500E-03,+143.517586E-03
-509.360000E-03,+145.100501E-03
-509.357500E-03,+146.155777E-03
-509.355000E-03,+143.517586E-03
-509.352500E-03,+145.100501E-03
-509.350000E-03,+146.155777E-03
-509.347500E-03,+143.517586E-03
-509.345000E-03,+145.100501E-03
-509.342500E-03,+147.738692E-03
-509.340000E-03,+146.155777E-03
-509.337500E-03,+143.517586E-03
-509.335000E-03,+143.517586E-03
-509.332500E-03,+143.517586E-03
-509.330000E-03,+143.517586E-03
-509.327500E-03,+149.849245E-03
-509.325000E-03,+154.070350E-03
-509.322500E-03,+141.934672E-03
-509.320000E-03,+140.879395E-03
-509.317500E-03,+143.517586E-03
-509.315000E-03,+141.934672E-03
-509.312500E-03,+140.879395E-03
-509.310000E-03,+143.517586E-03
-509.307500E-03,+145.100501E-03
-509.305000E-03,+147.738692E-03
-509.302500E-03,+146.155777E-03
-509.300000E-03,+143.517586E-03
-509.297500E-03,+141.934672E-03
-509.295000E-03,+140.879395E-03
-509.292500E-03,+143.517586E-03
-509.290000E-03,+145.100501E-03
-509.287500E-03,+147.738692E-03
-509.285000E-03,+146.155777E-03
-509.282500E-03,+141.934672E-03
-509.280000E-03,+140.879395E-03
-509.277500E-03,+141.934672E-03
-509.275000E-03,+139.296481E-03
-509.272500E-03,+140.879395E-03
-509.270000E-03,+143.517586E-03
-509.267500E-03,+143.517586E-03
-509.265000E-03,+141.934672E-03
-509.262500E-03,+139.296481E-03
-509.260000E-03,+137.713566E-03
-509.257500E-03,+135.075375E-03
-509.255000E-03,+135.075375E-03
-509.252500E-03,+133.492461E-03
-509.250000E-03,+130.854270E-03
-509.247500E-03,+134.020099E-03
-509.245000E-03,+137.713566E-03
-509.242500E-03,+133.492461E-03
-509.240000E-03,+130.854270E-03
-509.237500E-03,+129.271355E-03
-509.235000E-03,+128.216079E-03
-509.232500E-03,+129.271355E-03
-509.230000E-03,+126.633164E-03
-509.227500E-03,+128.216079E-03
-509.225000E-03,+129.271355E-03
-509.222500E-03,+126.633164E-03
-509.220000E-03,+126.633164E-03
-509.217500E-03,+128.216079E-03
-509.215000E-03,+130.854270E-03
-509.212500E-03,+130.854270E-03
-509.210000E-03,+129.271355E-03
-509.207500E-03,+126.633164E-03
-509.205000E-03,+128.216079E-03
-509.202500E-03,+129.271355E-03
-509.200000E-03,+126.633164E-03
-509.197500E-03,+126.633164E-03
-509.195000E-03,+126.633164E-03
-509.192500E-03,+125.050250E-03
-509.190000E-03,+125.577888E-03
-509.187500E-03,+129.271355E-03
-509.185000E-03,+126.633164E-03
-509.182500E-03,+126.633164E-03
-509.180000E-03,+126.633164E-03
-509.177500E-03,+126.633164E-03
-509.175000E-03,+128.216079E-03
-509.172500E-03,+130.854270E-03
-509.170000E-03,+134.020099E-03
-509.167500E-03,+136.130652E-03
-509.165000E-03,+129.271355E-03
-509.162500E-03,+128.216079E-03
-509.160000E-03,+130.854270E-03
-509.157500E-03,+130.854270E-03
-509.155000E-03,+130.854270E-03
-509.152500E-03,+130.854270E-03
-509.150000E-03,+132.437185E-03
-509.147500E-03,+133.492461E-03
-509.145000E-03,+132.437185E-03
-509.142500E-03,+135.075375E-03
-509.140000E-03,+133.492461E-03
-509.137500E-03,+132.437185E-03
-509.135000E-03,+136.658290E-03
-509.132500E-03,+139.296481E-03
-509.130000E-03,+137.713566E-03
-509.127500E-03,+135.075375E-03
-509.125000E-03,+135.075375E-03
-509.122500E-03,+136.658290E-03
-509.120000E-03,+137.713566E-03
-509.117500E-03,+135.075375E-03
-509.115000E-03,+135.075375E-03
-509.112500E-03,+135.075375E-03
-509.110000E-03,+136.658290E-03
-509.107500E-03,+136.130652E-03
-509.105000E-03,+134.020099E-03
-509.102500E-03,+137.713566E-03
-509.100000E-03,+135.075375E-03
-509.097500E-03,+133.492461E-03
-509.095000E-03,+134.020099E-03
-509.092500E-03,+139.296481E-03
-509.090000E-03,+137.713566E-03
-509.087500E-03,+135.075375E-03
-509.085000E-03,+135.075375E-03
-509.082500E-03,+135.075375E-03
-509.080000E-03,+135.075375E-03
-509.077500E-03,+135.075375E-03
-509.075000E-03,+133.492461E-03
-509.072500E-03,+130.854270E-03
-509.070000E-03,+132.437185E-03
-509.067500E-03,+135.075375E-03
-509.065000E-03,+135.075375E-03
-509.062500E-03,+133.492461E-03
-509.060000E-03,+132.437185E-03
-509.057500E-03,+135.075375E-03
-509.055000E-03,+135.075375E-03
-509.052500E-03,+133.492461E-03
-509.050000E-03,+134.020099E-03
-509.047500E-03,+134.547737E-03
-509.045000E-03,+128.216079E-03
-509.042500E-03,+129.271355E-03
-509.040000E-03,+128.216079E-03
-509.037500E-03,+132.437185E-03
-509.035000E-03,+133.492461E-03
-509.032500E-03,+132.437185E-03
-509.030000E-03,+131.909546E-03
-509.027500E-03,+129.798994E-03
-509.025000E-03,+133.492461E-03
-509.022500E-03,+130.854270E-03
-509.020000E-03,+130.854270E-03
-509.017500E-03,+130.854270E-03
-509.015000E-03,+130.854270E-03
-509.012500E-03,+132.437185E-03
-509.010000E-03,+133.492461E-03
-509.007500E-03,+129.271355E-03
-509.005000E-03,+126.633164E-03
-509.002500E-03,+128.216079E-03
-509.000000E-03,+130.854270E-03
-508.997500E-03,+134.020099E-03
-508.995000E-03,+134.547737E-03
-508.992500E-03,+126.633164E-03
-508.990000E-03,+125.050250E-03
-508.987500E-03,+123.994974E-03
-508.985000E-03,+126.633164E-03
-508.982500E-03,+126.633164E-03
-508.980000E-03,+125.050250E-03
-508.977500E-03,+120.829144E-03
-508.975000E-03,+119.773868E-03
-508.972500E-03,+123.994974E-03
-508.970000E-03,+125.050250E-03
-508.967500E-03,+122.412059E-03
-508.965000E-03,+123.994974E-03
-508.962500E-03,+126.633164E-03
-508.960000E-03,+125.050250E-03
-508.957500E-03,+120.829144E-03
-508.955000E-03,+119.773868E-03
-508.952500E-03,+122.412059E-03
-508.950000E-03,+120.829144E-03
-508.947500E-03,+118.190954E-03
-508.945000E-03,+119.773868E-03
-508.942500E-03,+122.412059E-03
-508.940000E-03,+122.412059E-03
-508.937500E-03,+120.829144E-03
-508.935000E-03,+119.773868E-03
-508.932500E-03,+122.412059E-03
-508.930000E-03,+127.160803E-03
-508.927500E-03,+135.075375E-03
-508.925000E-03,+138.241205E-03
-508.922500E-03,+145.100501E-03
-508.920000E-03,+149.321606E-03
-508.917500E-03,+151.959797E-03
-508.915000E-03,+153.542712E-03
-508.912500E-03,+154.597988E-03
-508.910000E-03,+151.959797E-03
-508.907500E-03,+153.542712E-03
-508.905000E-03,+159.346732E-03
-508.902500E-03,+163.040199E-03
-508.900000E-03,+160.402008E-03
-508.897500E-03,+161.984923E-03
-508.895000E-03,+164.623114E-03
-508.892500E-03,+164.623114E-03
-508.890000E-03,+164.623114E-03
-508.887500E-03,+164.623114E-03
-508.885000E-03,+166.206028E-03
-508.882500E-03,+168.844219E-03
-508.880000E-03,+167.261305E-03
-508.877500E-03,+166.206028E-03
-508.875000E-03,+168.844219E-03
-508.872500E-03,+168.844219E-03
-508.870000E-03,+168.844219E-03
-508.867500E-03,+170.427134E-03
-508.865000E-03,+173.065325E-03
-508.862500E-03,+174.648239E-03
-508.860000E-03,+175.703516E-03
-508.857500E-03,+173.065325E-03
-508.855000E-03,+174.648239E-03
-508.852500E-03,+177.286430E-03
-508.850000E-03,+178.869345E-03
-508.847500E-03,+181.507536E-03
-508.845000E-03,+181.507536E-03
-508.842500E-03,+183.090450E-03
-508.840000E-03,+184.145727E-03
-508.837500E-03,+181.507536E-03
-508.835000E-03,+181.507536E-03
-508.832500E-03,+184.673365E-03
-508.830000E-03,+188.366832E-03
-508.827500E-03,+184.145727E-03
-508.825000E-03,+183.090450E-03
-508.822500E-03,+185.728641E-03
-508.820000E-03,+184.145727E-03
-508.817500E-03,+181.507536E-03
-508.815000E-03,+183.090450E-03
-508.812500E-03,+184.145727E-03
-508.810000E-03,+178.341707E-03
-508.807500E-03,+173.065325E-03
-508.805000E-03,+171.482410E-03
-508.802500E-03,+165.678390E-03
-508.800000E-03,+158.819094E-03
-508.797500E-03,+156.180903E-03
-508.795000E-03,+156.180903E-03
-508.792500E-03,+154.597988E-03
-508.790000E-03,+151.959797E-03
-508.787500E-03,+151.959797E-03
-508.785000E-03,+151.959797E-03
-508.782500E-03,+150.376883E-03
-508.780000E-03,+147.738692E-03
-508.777500E-03,+147.738692E-03
-508.775000E-03,+147.738692E-03
-508.772500E-03,+147.738692E-03
-508.770000E-03,+147.738692E-03
-508.767500E-03,+147.738692E-03
-508.765000E-03,+146.155777E-03
-508.762500E-03,+143.517586E-03
-508.760000E-03,+143.517586E-03
-508.757500E-03,+143.517586E-03
-508.755000E-03,+145.100501E-03
-508.752500E-03,+146.155777E-03
-508.750000E-03,+141.934672E-03
-508.747500E-03,+139.296481E-03
-508.745000E-03,+140.879396E-03
-508.742500E-03,+141.934672E-03
-508.740000E-03,+137.713566E-03
-508.737500E-03,+135.075375E-03
-508.735000E-03,+135.075375E-03
-508.732500E-03,+135.075375E-03
-508.730000E-03,+135.075375E-03
-508.727500E-03,+135.075375E-03
-508.725000E-03,+136.658290E-03
-508.722500E-03,+137.713566E-03
-508.720000E-03,+135.075375E-03
-508.717500E-03,+135.075375E-03
-508.715000E-03,+136.658290E-03
-508.712500E-03,+137.713566E-03
-508.710000E-03,+136.658290E-03
-508.707500E-03,+137.713566E-03
-508.705000E-03,+135.075375E-03
-508.702500E-03,+135.075375E-03
-508.700000E-03,+135.075375E-03
-508.697500E-03,+133.492461E-03
-508.695000E-03,+130.854270E-03
-508.692500E-03,+132.437185E-03
-508.690000E-03,+135.075375E-03
-508.687500E-03,+133.492461E-03
-508.685000E-03,+130.854270E-03
-508.682500E-03,+132.437185E-03
-508.680000E-03,+133.492461E-03
-508.677500E-03,+132.437185E-03
-508.675000E-03,+138.241205E-03
-508.672500E-03,+141.934672E-03
-508.670000E-03,+139.296481E-03
-508.667500E-03,+136.130652E-03
-508.665000E-03,+130.854270E-03
-508.662500E-03,+134.020099E-03
-508.660000E-03,+139.296481E-03
-508.657500E-03,+139.296481E-03
-508.655000E-03,+139.296481E-03
-508.652500E-03,+139.296481E-03
-508.650000E-03,+137.713566E-03
-508.647500E-03,+136.658290E-03
-508.645000E-03,+137.713566E-03
-508.642500E-03,+136.658290E-03
-508.640000E-03,+137.713566E-03
-508.637500E-03,+136.658290E-03
-508.635000E-03,+139.296481E-03
-508.632500E-03,+139.296481E-03
-508.630000E-03,+139.296481E-03
-508.627500E-03,+137.713566E-03
-508.625000E-03,+136.658290E-03
-508.622500E-03,+139.296481E-03
-508.620000E-03,+139.296481E-03
-508.617500E-03,+140.879396E-03
-508.615000E-03,+141.934672E-03
-508.612500E-03,+136.130652E-03
-508.610000E-03,+132.437185E-03
-508.607500E-03,+135.075375E-03
-508.605000E-03,+135.075375E-03
-508.602500E-03,+133.492461E-03
-508.600000E-03,+132.437185E-03
-508.597500E-03,+133.492461E-03
-508.595000E-03,+132.437185E-03
-508.592500E-03,+133.492461E-03
-508.590000E-03,+132.437185E-03
-508.587500E-03,+135.075375E-03
-508.585000E-03,+135.075375E-03
-508.582500E-03,+135.075375E-03
-508.580000E-03,+133.492461E-03
-508.577500E-03,+132.437185E-03
-508.575000E-03,+135.075375E-03
-508.572500E-03,+131.909546E-03
-508.570000E-03,+129.798994E-03
-508.567500E-03,+135.075375E-03
-508.565000E-03,+135.075375E-03
-508.562500E-03,+136.658290E-03
-508.560000E-03,+137.713566E-03
-508.557500E-03,+135.075375E-03
-508.555000E-03,+133.492461E-03
-508.552500E-03,+132.437185E-03
-508.550000E-03,+133.492461E-03
-508.547500E-03,+132.437185E-03
-508.545000E-03,+135.075375E-03
-508.542500E-03,+135.075375E-03
-508.540000E-03,+133.492461E-03
-508.537500E-03,+130.854270E-03
-508.535000E-03,+134.020099E-03
-508.532500E-03,+137.713566E-03
-508.530000E-03,+133.492461E-03
-508.527500E-03,+132.437185E-03
-508.525000E-03,+133.492461E-03
-508.522500E-03,+132.437185E-03
-508.520000E-03,+135.075375E-03
-508.517500E-03,+135.075375E-03
-508.515000E-03,+135.075375E-03
-508.512500E-03,+133.492461E-03
-508.510000E-03,+129.271355E-03
-508.507500E-03,+129.798994E-03
-508.505000E-03,+135.075375E-03
-508.502500E-03,+131.909546E-03
-508.500000E-03,+129.798994E-03
-508.497500E-03,+135.075375E-03
-508.495000E-03,+135.075375E-03
-508.492500E-03,+131.909546E-03
-508.490000E-03,+131.381908E-03
-508.487500E-03,+137.713566E-03
-508.485000E-03,+141.407034E-03
-508.482500E-03,+153.542712E-03
-508.480000E-03,+157.763817E-03
-508.477500E-03,+161.984923E-03
-508.475000E-03,+164.623114E-03
-508.472500E-03,+161.457285E-03
-508.470000E-03,+160.929647E-03
-508.467500E-03,+168.844219E-03
-508.465000E-03,+168.844219E-03
-508.462500E-03,+172.010048E-03
-508.460000E-03,+177.286430E-03
-508.457500E-03,+175.703516E-03
-508.455000E-03,+173.065325E-03
-508.452500E-03,+174.648239E-03
-508.450000E-03,+177.286430E-03
-508.447500E-03,+175.703516E-03
-508.445000E-03,+174.648239E-03
-508.442500E-03,+180.452259E-03
-508.440000E-03,+182.562812E-03
-508.437500E-03,+178.869345E-03
-508.435000E-03,+183.090450E-03
-508.432500E-03,+184.145727E-03
-508.430000E-03,+183.090450E-03
-508.427500E-03,+185.728641E-03
-508.425000E-03,+182.562812E-03
-508.422500E-03,+177.286430E-03
-508.420000E-03,+175.703516E-03
-508.417500E-03,+165.150752E-03
-508.415000E-03,+155.125627E-03
-508.412500E-03,+160.402008E-03
-508.410000E-03,+158.819094E-03
-508.407500E-03,+157.763817E-03
-508.405000E-03,+157.236179E-03
-508.402500E-03,+153.542712E-03
-508.400000E-03,+156.180903E-03
-508.397500E-03,+154.597988E-03
-508.395000E-03,+153.542712E-03
-508.392500E-03,+154.597988E-03
-508.390000E-03,+153.542712E-03
-508.387500E-03,+157.763817E-03
-508.385000E-03,+160.402008E-03
-508.382500E-03,+160.402008E-03
-508.380000E-03,+160.402008E-03
-508.377500E-03,+160.402008E-03
-508.375000E-03,+155.653265E-03
-508.372500E-03,+152.487436E-03
-508.370000E-03,+160.402008E-03
-508.367500E-03,+158.819094E-03
-508.365000E-03,+157.763817E-03
-508.362500E-03,+158.819094E-03
-508.360000E-03,+157.763817E-03
-508.357500E-03,+158.819094E-03
-508.355000E-03,+157.763817E-03
-508.352500E-03,+160.402008E-03
-508.350000E-03,+160.402008E-03
-508.347500E-03,+160.402008E-03
-508.345000E-03,+166.733667E-03
-508.342500E-03,+170.954772E-03
-508.340000E-03,+160.402008E-03
-508.337500E-03,+160.402008E-03
-508.335000E-03,+158.819094E-03
-508.332500E-03,+159.346732E-03
-508.330000E-03,+163.040199E-03
-508.327500E-03,+161.984923E-03
-508.325000E-03,+164.623114E-03
-508.322500E-03,+163.040199E-03
-508.320000E-03,+160.402008E-03
-508.317500E-03,+161.984923E-03
-508.315000E-03,+164.623114E-03
-508.312500E-03,+163.040199E-03
-508.310000E-03,+160.402008E-03
-508.307500E-03,+160.402008E-03
-508.305000E-03,+160.402008E-03
-508.302500E-03,+160.402008E-03
-508.300000E-03,+160.402008E-03
-508.297500E-03,+161.984923E-03
-508.295000E-03,+161.457285E-03
-508.292500E-03,+159.346732E-03
-508.290000E-03,+163.040199E-03
-508.287500E-03,+160.402008E-03
-508.285000E-03,+160.402008E-03
-508.282500E-03,+161.984923E-03
-508.280000E-03,+163.040199E-03
-508.277500E-03,+160.402008E-03
-508.275000E-03,+161.984923E-03
-508.272500E-03,+163.040199E-03
-508.270000E-03,+160.402008E-03
-508.267500E-03,+163.567838E-03
-508.265000E-03,+167.261305E-03
-508.262500E-03,+163.040199E-03
-508.260000E-03,+160.402008E-03
-508.257500E-03,+160.402008E-03
-508.255000E-03,+160.402008E-03
-508.252500E-03,+160.402008E-03
-508.250000E-03,+160.402008E-03
-508.247500E-03,+160.402008E-03
-508.245000E-03,+158.819094E-03
-508.242500E-03,+157.763817E-03
-508.240000E-03,+158.819094E-03
-508.237500E-03,+156.180903E-03
-508.235000E-03,+156.180903E-03
-508.232500E-03,+157.763817E-03
-508.230000E-03,+158.819094E-03
-508.227500E-03,+156.180903E-03
-508.225000E-03,+154.597988E-03
-508.222500E-03,+153.542712E-03
-508.220000E-03,+154.597988E-03
-508.217500E-03,+151.959797E-03
-508.215000E-03,+153.542712E-03
-508.212500E-03,+156.180903E-03
-508.210000E-03,+156.180903E-03
-508.207500E-03,+156.180903E-03
-508.205000E-03,+156.180903E-03
-508.202500E-03,+156.180903E-03
-508.200000E-03,+156.180903E-03
-508.197500E-03,+154.597988E-03
-508.195000E-03,+151.959797E-03
-508.192500E-03,+153.542712E-03
-508.190000E-03,+154.597988E-03
-508.187500E-03,+151.959797E-03
-508.185000E-03,+153.542712E-03
-508.182500E-03,+153.015074E-03
-508.180000E-03,+147.738692E-03
-508.177500E-03,+149.321606E-03
-508.175000E-03,+151.959797E-03
-508.172500E-03,+153.542712E-03
-508.170000E-03,+156.180903E-03
-508.167500E-03,+154.597988E-03
-508.165000E-03,+150.376883E-03
-508.162500E-03,+149.321606E-03
-508.160000E-03,+151.959797E-03
-508.157500E-03,+153.542712E-03
-508.155000E-03,+154.597988E-03
-508.152500E-03,+151.959797E-03
-508.150000E-03,+151.959797E-03
-508.147500E-03,+151.959797E-03
-508.145000E-03,+150.376883E-03
-508.142500E-03,+147.738692E-03
-508.140000E-03,+149.321606E-03
-508.137500E-03,+151.959797E-03
-508.135000E-03,+151.959797E-03
-508.132500E-03,+150.376883E-03
-508.130000E-03,+150.904521E-03
-508.127500E-03,+154.597988E-03
-508.125000E-03,+150.376883E-03
-508.122500E-03,+147.738692E-03
-508.120000E-03,+147.738692E-03
-508.117500E-03,+149.321606E-03
-508.115000E-03,+150.376883E-03
-508.112500E-03,+147.738692E-03
-508.110000E-03,+147.738692E-03
-508.107500E-03,+149.321606E-03
-508.105000E-03,+151.959797E-03
-508.102500E-03,+150.376883E-03
-508.100000E-03,+149.321606E-03
-508.097500E-03,+150.376883E-03
-508.095000E-03,+149.321606E-03
-508.092500E-03,+150.376883E-03
-508.090000E-03,+147.738692E-03
-508.087500E-03,+142.989948E-03
-508.085000E-03,+141.407034E-03
-508.082500E-03,+150.376883E-03
-508.080000E-03,+147.738692E-03
-508.077500E-03,+147.738692E-03
-508.075000E-03,+147.738692E-03
-508.072500E-03,+147.738692E-03
-508.070000E-03,+147.738692E-03
-508.067500E-03,+147.738692E-03
-508.065000E-03,+147.738692E-03
-508.062500E-03,+147.738692E-03
-508.060000E-03,+147.738692E-03
-508.057500E-03,+147.738692E-03
-508.055000E-03,+149.321606E-03
-508.052500E-03,+150.376883E-03
-508.050000E-03,+147.738692E-03
-508.047500E-03,+146.155777E-03
-508.045000E-03,+146.683416E-03
-508.042500E-03,+150.376883E-03
-508.040000E-03,+147.738692E-03
-508.037500E-03,+147.738692E-03
-508.035000E-03,+147.738692E-03
-508.032500E-03,+147.738692E-03
-508.030000E-03,+149.321606E-03
-508.027500E-03,+150.376883E-03
-508.025000E-03,+147.738692E-03
-508.022500E-03,+149.321606E-03
-508.020000E-03,+155.125627E-03
-508.017500E-03,+155.653265E-03
-508.015000E-03,+147.738692E-03
-508.012500E-03,+149.321606E-03
-508.010000E-03,+148.793968E-03
-508.007500E-03,+143.517586E-03
-508.005000E-03,+145.100501E-03
-508.002500E-03,+147.738692E-03
-508.000000E-03,+147.738692E-03
-507.997500E-03,+150.904521E-03
-507.995000E-03,+153.015074E-03
-507.992500E-03,+144.572863E-03
-507.990000E-03,+144.045225E-03
-507.987500E-03,+151.959797E-03
-507.985000E-03,+150.376883E-03
-507.982500E-03,+147.738692E-03
-507.980000E-03,+146.155777E-03
-507.977500E-03,+146.683416E-03
-507.975000E-03,+151.959797E-03
-507.972500E-03,+150.376883E-03
-507.970000E-03,+147.738692E-03
-507.967500E-03,+149.321606E-03
-507.965000E-03,+150.376883E-03
-507.962500E-03,+147.738692E-03
-507.960000E-03,+147.738692E-03
-507.957500E-03,+147.738692E-03
-507.955000E-03,+149.321606E-03
-507.952500E-03,+150.376883E-03
-507.950000E-03,+146.155777E-03
-507.947500E-03,+145.100501E-03
-507.945000E-03,+147.738692E-03
-507.942500E-03,+147.738692E-03
-507.940000E-03,+149.321606E-03
-507.937500E-03,+150.376883E-03
-507.935000E-03,+147.738692E-03
-507.932500E-03,+149.321606E-03
-507.930000E-03,+151.959797E-03
-507.927500E-03,+150.376883E-03
-507.925000E-03,+146.155777E-03
-507.922500E-03,+143.517586E-03
-507.920000E-03,+145.100501E-03
-507.917500E-03,+144.572863E-03
-507.915000E-03,+142.462310E-03
-507.912500E-03,+147.738692E-03
-507.910000E-03,+147.738692E-03
-507.907500E-03,+147.738692E-03
-507.905000E-03,+149.321606E-03
-507.902500E-03,+150.376883E-03
-507.900000E-03,+147.738692E-03
-507.897500E-03,+147.738692E-03
-507.895000E-03,+149.321606E-03
-507.892500E-03,+150.376883E-03
-507.890000E-03,+147.738692E-03
-507.887500E-03,+147.738692E-03
-507.885000E-03,+147.738692E-03
-507.882500E-03,+147.738692E-03
-507.880000E-03,+147.738692E-03
-507.877500E-03,+147.738692E-03
-507.875000E-03,+147.738692E-03
-507.872500E-03,+147.738692E-03
-507.870000E-03,+149.321606E-03
-507.867500E-03,+148.793968E-03
-507.865000E-03,+145.100501E-03
-507.862500E-03,+144.572863E-03
-507.860000E-03,+139.296481E-03
-507.857500E-03,+140.879396E-03
-507.855000E-03,+145.100501E-03
-507.852500E-03,+147.738692E-03
-507.850000E-03,+147.738692E-03
-507.847500E-03,+147.738692E-03
-507.845000E-03,+149.321606E-03
-507.842500E-03,+150.376883E-03
-507.840000E-03,+147.738692E-03
-507.837500E-03,+147.738692E-03
-507.835000E-03,+147.738692E-03
-507.832500E-03,+147.738692E-03
-507.830000E-03,+147.738692E-03
-507.827500E-03,+147.738692E-03
-507.825000E-03,+147.738692E-03
-507.822500E-03,+146.155777E-03
-507.820000E-03,+143.517586E-03
-507.817500E-03,+145.100501E-03
-507.815000E-03,+146.155777E-03
-507.812500E-03,+145.100501E-03
-507.810000E-03,+146.155777E-03
-507.807500E-03,+145.100501E-03
-507.805000E-03,+146.155777E-03
-507.802500E-03,+145.100501E-03
-507.800000E-03,+147.738692E-03
-507.797500E-03,+147.738692E-03
-507.795000E-03,+149.321606E-03
-507.792500E-03,+147.211054E-03
-507.790000E-03,+142.462310E-03
-507.787500E-03,+146.155777E-03
-507.785000E-03,+145.100501E-03
-507.782500E-03,+147.738692E-03
-507.780000E-03,+147.738692E-03
-507.777500E-03,+144.572863E-03
-507.775000E-03,+140.879396E-03
-507.772500E-03,+143.517586E-03
-507.770000E-03,+141.934672E-03
-507.767500E-03,+140.879396E-03
-507.765000E-03,+145.100501E-03
-507.762500E-03,+146.155777E-03
-507.760000E-03,+140.351757E-03
-507.757500E-03,+138.241205E-03
-507.755000E-03,+145.100501E-03
-507.752500E-03,+146.155777E-03
-507.750000E-03,+140.351757E-03
-507.747500E-03,+138.241205E-03
-507.745000E-03,+143.517586E-03
-507.742500E-03,+143.517586E-03
-507.740000E-03,+143.517586E-03
-507.737500E-03,+146.683416E-03
-507.735000E-03,+150.376883E-03
-507.732500E-03,+149.321606E-03
-507.730000E-03,+148.793968E-03
-507.727500E-03,+143.517586E-03
-507.725000E-03,+143.517586E-03
-507.722500E-03,+143.517586E-03
-507.720000E-03,+143.517586E-03
-507.717500E-03,+140.351757E-03
-507.715000E-03,+138.241205E-03
-507.712500E-03,+143.517586E-03
-507.710000E-03,+143.517586E-03
-507.707500E-03,+143.517586E-03
-507.705000E-03,+145.100501E-03
-507.702500E-03,+146.155777E-03
-507.700000E-03,+145.100501E-03
-507.697500E-03,+146.155777E-03
-507.695000E-03,+145.100501E-03
-507.692500E-03,+147.738692E-03
-507.690000E-03,+146.155777E-03
-507.687500E-03,+143.517586E-03
-507.685000E-03,+143.517586E-03
-507.682500E-03,+141.934672E-03
-507.680000E-03,+140.879396E-03
-507.677500E-03,+143.517586E-03
-507.675000E-03,+143.517586E-03
-507.672500E-03,+145.100501E-03
-507.670000E-03,+146.155777E-03
-507.667500E-03,+143.517586E-03
-507.665000E-03,+143.517586E-03
-507.662500E-03,+141.934672E-03
-507.660000E-03,+140.879396E-03
-507.657500E-03,+146.683416E-03
-507.655000E-03,+148.793968E-03
-507.652500E-03,+143.517586E-03
-507.650000E-03,+143.517586E-03
-507.647500E-03,+143.517586E-03
-507.645000E-03,+143.517586E-03
-507.642500E-03,+143.517586E-03
-507.640000E-03,+141.934672E-03
-507.637500E-03,+142.462310E-03
-507.635000E-03,+146.155777E-03
-507.632500E-03,+145.100501E-03
-507.630000E-03,+146.155777E-03
-507.627500E-03,+143.517586E-03
-507.625000E-03,+143.517586E-03
-507.622500E-03,+143.517586E-03
-507.620000E-03,+143.517586E-03
-507.617500E-03,+140.351757E-03
-507.615000E-03,+138.241205E-03
-507.612500E-03,+140.351757E-03
-507.610000E-03,+138.241205E-03
-507.607500E-03,+148.266330E-03
-507.605000E-03,+151.432159E-03
-507.602500E-03,+145.100501E-03
-507.600000E-03,+142.989948E-03
-507.597500E-03,+138.241205E-03
-507.595000E-03,+141.934672E-03
-507.592500E-03,+140.879396E-03
-507.590000E-03,+143.517586E-03
-507.587500E-03,+143.517586E-03
-507.585000E-03,+141.934672E-03
-507.582500E-03,+140.879396E-03
-507.580000E-03,+143.517586E-03
-507.577500E-03,+143.517586E-03
-507.575000E-03,+145.100501E-03
-507.572500E-03,+144.572863E-03
-507.570000E-03,+140.879396E-03
-507.567500E-03,+143.517586E-03
-507.565000E-03,+143.517586E-03
-507.562500E-03,+141.934672E-03
-507.560000E-03,+140.879396E-03
-507.557500E-03,+141.934672E-03
-507.555000E-03,+140.879396E-03
-507.552500E-03,+141.934672E-03
-507.550000E-03,+140.879396E-03
-507.547500E-03,+141.934672E-03
-507.545000E-03,+139.296481E-03
-507.542500E-03,+140.879396E-03
-507.540000E-03,+141.934672E-03
-507.537500E-03,+140.879396E-03
-507.535000E-03,+143.517586E-03
-507.532500E-03,+143.517586E-03
-507.530000E-03,+143.517586E-03
-507.527500E-03,+143.517586E-03
-507.525000E-03,+143.517586E-03
-507.522500E-03,+143.517586E-03
-507.520000E-03,+141.934672E-03
-507.517500E-03,+139.296481E-03
-507.515000E-03,+140.879396E-03
-507.512500E-03,+143.517586E-03
-507.510000E-03,+143.517586E-03
-507.507500E-03,+143.517586E-03
-507.505000E-03,+140.351757E-03
-507.502500E-03,+135.075375E-03
-507.500000E-03,+138.241205E-03
-507.497500E-03,+141.934672E-03
-507.495000E-03,+139.296481E-03
-507.492500E-03,+142.462310E-03
-507.490000E-03,+144.572863E-03
-507.487500E-03,+140.879396E-03
-507.485000E-03,+146.683416E-03
-507.482500E-03,+148.793968E-03
-507.480000E-03,+143.517586E-03
-507.477500E-03,+141.934672E-03
-507.475000E-03,+139.296481E-03
-507.472500E-03,+140.879396E-03
-507.470000E-03,+143.517586E-03
-507.467500E-03,+143.517586E-03
-507.465000E-03,+141.934672E-03
-507.462500E-03,+140.879396E-03
-507.460000E-03,+141.934672E-03
-507.457500E-03,+140.879396E-03
-507.455000E-03,+143.517586E-03
-507.452500E-03,+143.517586E-03
-507.450000E-03,+143.517586E-03
-507.447500E-03,+140.351757E-03
-507.445000E-03,+136.658290E-03
-507.442500E-03,+139.296481E-03
-507.440000E-03,+140.879396E-03
-507.437500E-03,+141.934672E-03
-507.435000E-03,+139.296481E-03
-507.432500E-03,+139.296481E-03
-507.430000E-03,+139.296481E-03
-507.427500E-03,+140.879396E-03
-507.425000E-03,+141.934672E-03
-507.422500E-03,+139.296481E-03
-507.420000E-03,+142.462310E-03
-507.417500E-03,+147.738692E-03
-507.415000E-03,+144.572863E-03
-507.412500E-03,+139.296481E-03
-507.410000E-03,+140.879396E-03
-507.407500E-03,+141.934672E-03
-507.405000E-03,+140.879396E-03
-507.402500E-03,+141.934672E-03
-507.400000E-03,+140.879396E-03
-507.397500E-03,+143.517586E-03
-507.395000E-03,+143.517586E-03
-507.392500E-03,+143.517586E-03
-507.390000E-03,+143.517586E-03
-507.387500E-03,+143.517586E-03
-507.385000E-03,+145.100501E-03
-507.382500E-03,+144.572863E-03
-507.380000E-03,+139.296481E-03
-507.377500E-03,+140.879396E-03
-507.375000E-03,+141.934672E-03
-507.372500E-03,+139.296481E-03
-507.370000E-03,+140.879396E-03
-507.367500E-03,+141.934672E-03
-507.365000E-03,+139.296481E-03
-507.362500E-03,+140.879396E-03
-507.360000E-03,+141.934672E-03
-507.357500E-03,+140.879396E-03
-507.355000E-03,+143.517586E-03
-507.352500E-03,+141.934672E-03
-507.350000E-03,+139.296481E-03
-507.347500E-03,+139.296481E-03
-507.345000E-03,+144.045225E-03
-507.342500E-03,+148.793968E-03
-507.340000E-03,+143.517586E-03
-507.337500E-03,+141.934672E-03
-507.335000E-03,+139.296481E-03
-507.332500E-03,+140.879396E-03
-507.330000E-03,+141.934672E-03
-507.327500E-03,+139.296481E-03
-507.325000E-03,+139.296481E-03
-507.322500E-03,+140.879396E-03
-507.320000E-03,+143.517586E-03
-507.317500E-03,+143.517586E-03
-507.315000E-03,+141.934672E-03
-507.312500E-03,+139.296481E-03
-507.310000E-03,+137.713566E-03
-507.307500E-03,+138.241205E-03
-507.305000E-03,+141.934672E-03
-507.302500E-03,+140.879396E-03
-507.300000E-03,+141.934672E-03
-507.297500E-03,+139.296481E-03
-507.295000E-03,+134.547737E-03
-507.292500E-03,+132.964823E-03
-507.290000E-03,+141.934672E-03
-507.287500E-03,+139.296481E-03
-507.285000E-03,+139.296481E-03
-507.282500E-03,+139.296481E-03
-507.280000E-03,+139.296481E-03
-507.277500E-03,+139.296481E-03
-507.275000E-03,+139.296481E-03
-507.272500E-03,+139.296481E-03
-507.270000E-03,+139.296481E-03
-507.267500E-03,+139.296481E-03
-507.265000E-03,+142.462310E-03
-507.262500E-03,+146.155777E-03
-507.260000E-03,+143.517586E-03
-507.257500E-03,+145.100501E-03
-507.255000E-03,+147.738692E-03
-507.252500E-03,+144.572863E-03
-507.250000E-03,+140.879396E-03
-507.247500E-03,+141.934672E-03
-507.245000E-03,+139.296481E-03
-507.242500E-03,+137.713566E-03
-507.240000E-03,+139.824119E-03
-507.237500E-03,+146.155777E-03
-507.235000E-03,+143.517586E-03
-507.232500E-03,+143.517586E-03
-507.230000E-03,+140.351757E-03
-507.227500E-03,+138.241205E-03
-507.225000E-03,+141.934672E-03
-507.222500E-03,+139.296481E-03
-507.220000E-03,+139.296481E-03
-507.217500E-03,+137.713566E-03
-507.215000E-03,+138.241205E-03
-507.212500E-03,+141.934672E-03
-507.210000E-03,+140.879396E-03
-507.207500E-03,+141.934672E-03
-507.205000E-03,+139.296481E-03
-507.202500E-03,+140.879396E-03
-507.200000E-03,+141.934672E-03
-507.197500E-03,+139.296481E-03
-507.195000E-03,+140.879396E-03
-507.192500E-03,+143.517586E-03
-507.190000E-03,+141.934672E-03
-507.187500E-03,+139.296481E-03
-507.185000E-03,+139.296481E-03
-507.182500E-03,+139.296481E-03
-507.180000E-03,+140.879396E-03
-507.177500E-03,+141.934672E-03
-507.175000E-03,+140.879396E-03
-507.172500E-03,+143.517586E-03
-507.170000E-03,+143.517586E-03
-507.167500E-03,+141.934672E-03
-507.165000E-03,+139.296481E-03
-507.162500E-03,+140.879396E-03
-507.160000E-03,+143.517586E-03
-507.157500E-03,+143.517586E-03
-507.155000E-03,+141.934672E-03
-507.152500E-03,+139.296481E-03
-507.150000E-03,+139.296481E-03
-507.147500E-03,+140.879396E-03
-507.145000E-03,+143.517586E-03
-507.142500E-03,+141.934672E-03
-507.140000E-03,+140.879396E-03
-507.137500E-03,+141.934672E-03
-507.135000E-03,+140.879396E-03
-507.132500E-03,+141.934672E-03
-507.130000E-03,+140.879396E-03
-507.127500E-03,+141.934672E-03
-507.125000E-03,+139.296481E-03
-507.122500E-03,+142.462310E-03
-507.120000E-03,+144.572863E-03
-507.117500E-03,+140.879396E-03
-507.115000E-03,+141.934672E-03
-507.112500E-03,+139.296481E-03
-507.110000E-03,+139.296481E-03
-507.107500E-03,+139.296481E-03
-507.105000E-03,+139.296481E-03
-507.102500E-03,+140.879396E-03
-507.100000E-03,+141.934672E-03
-507.097500E-03,+139.296481E-03
-507.095000E-03,+140.879396E-03
-507.092500E-03,+141.934672E-03
-507.090000E-03,+140.879396E-03
-507.087500E-03,+141.934672E-03
-507.085000E-03,+139.296481E-03
-507.082500E-03,+139.296481E-03
-507.080000E-03,+139.296481E-03
-507.077500E-03,+139.296481E-03
-507.075000E-03,+144.045225E-03
-507.072500E-03,+147.211054E-03
-507.070000E-03,+139.296481E-03
-507.067500E-03,+140.879396E-03
-507.065000E-03,+141.934672E-03
-507.062500E-03,+139.296481E-03
-507.060000E-03,+137.713566E-03
-507.057500E-03,+139.824119E-03
-507.055000E-03,+144.572863E-03
-507.052500E-03,+139.296481E-03
-507.050000E-03,+139.296481E-03
-507.047500E-03,+140.879396E-03
-507.045000E-03,+140.351757E-03
-507.042500E-03,+136.658290E-03
-507.040000E-03,+139.296481E-03
-507.037500E-03,+139.296481E-03
-507.035000E-03,+137.713566E-03
-507.032500E-03,+138.241205E-03
-507.030000E-03,+141.934672E-03
-507.027500E-03,+139.296481E-03
-507.025000E-03,+139.296481E-03
-507.022500E-03,+137.713566E-03
-507.020000E-03,+138.241205E-03
-507.017500E-03,+143.517586E-03
-507.015000E-03,+141.934672E-03
-507.012500E-03,+140.879396E-03
-507.010000E-03,+143.517586E-03
-507.007500E-03,+141.934672E-03
-507.005000E-03,+140.879396E-03
-507.002500E-03,+141.934672E-03
-507.000000E-03,+140.879396E-03
-506.997500E-03,+143.517586E-03
-506.995000E-03,+141.934672E-03
-506.992500E-03,+140.879396E-03
-506.990000E-03,+141.934672E-03
-506.987500E-03,+142.462310E-03
-506.985000E-03,+147.738692E-03
-506.982500E-03,+146.155777E-03
-506.980000E-03,+145.100501E-03
-506.977500E-03,+146.155777E-03
-506.975000E-03,+141.934672E-03
-506.972500E-03,+137.713566E-03
-506.970000E-03,+138.241205E-03
-506.967500E-03,+141.934672E-03
-506.965000E-03,+139.296481E-03
-506.962500E-03,+137.713566E-03
-506.960000E-03,+136.658290E-03
-506.957500E-03,+137.713566E-03
-506.955000E-03,+135.075375E-03
-506.952500E-03,+135.075375E-03
-506.950000E-03,+136.658290E-03
-506.947500E-03,+140.879396E-03
-506.945000E-03,+140.351757E-03
-506.942500E-03,+135.075375E-03
-506.940000E-03,+135.075375E-03
-506.937500E-03,+135.075375E-03
-506.935000E-03,+133.492461E-03
-506.932500E-03,+132.437185E-03
-506.930000E-03,+135.075375E-03
-506.927500E-03,+136.658290E-03
-506.925000E-03,+137.713566E-03
-506.922500E-03,+133.492461E-03
-506.920000E-03,+132.437185E-03
-506.917500E-03,+133.492461E-03
-506.915000E-03,+132.437185E-03
-506.912500E-03,+135.075375E-03
-506.910000E-03,+135.075375E-03
-506.907500E-03,+135.075375E-03
-506.905000E-03,+133.492461E-03
-506.902500E-03,+132.437185E-03
-506.900000E-03,+135.075375E-03
-506.897500E-03,+136.658290E-03
-506.895000E-03,+137.713566E-03
-506.892500E-03,+135.075375E-03
-506.890000E-03,+136.658290E-03
-506.887500E-03,+137.713566E-03
-506.885000E-03,+133.492461E-03
-506.882500E-03,+132.437185E-03
-506.880000E-03,+135.075375E-03
-506.877500E-03,+135.075375E-03
-506.875000E-03,+133.492461E-03
-506.872500E-03,+130.854270E-03
-506.870000E-03,+129.271355E-03
-506.867500E-03,+128.216079E-03
-506.865000E-03,+130.854270E-03
-506.862500E-03,+130.854270E-03
-506.860000E-03,+130.854270E-03
-506.857500E-03,+132.437185E-03
-506.855000E-03,+135.075375E-03
-506.852500E-03,+135.075375E-03
-506.850000E-03,+131.909546E-03
-506.847500E-03,+129.798994E-03
-506.845000E-03,+135.075375E-03
-506.842500E-03,+135.075375E-03
-506.840000E-03,+136.658290E-03
-506.837500E-03,+136.130652E-03
-506.835000E-03,+132.437185E-03
-506.832500E-03,+133.492461E-03
-506.830000E-03,+132.437185E-03
-506.827500E-03,+133.492461E-03
-506.825000E-03,+132.437185E-03
-506.822500E-03,+135.075375E-03
-506.820000E-03,+135.075375E-03
-506.817500E-03,+133.492461E-03
-506.815000E-03,+134.020099E-03
-506.812500E-03,+137.713566E-03
-506.810000E-03,+133.492461E-03
-506.807500E-03,+132.437185E-03
-506.805000E-03,+133.492461E-03
-506.802500E-03,+130.854270E-03
-506.800000E-03,+130.854270E-03
-506.797500E-03,+130.854270E-03
-506.795000E-03,+130.854270E-03
-506.792500E-03,+130.854270E-03
-506.790000E-03,+130.854270E-03
-506.787500E-03,+130.854270E-03
-506.785000E-03,+130.854270E-03
-506.782500E-03,+130.854270E-03
-506.780000E-03,+132.437185E-03
-506.777500E-03,+135.075375E-03
-506.775000E-03,+131.909546E-03
-506.772500E-03,+128.216079E-03
-506.770000E-03,+132.437185E-03
-506.767500E-03,+136.658290E-03
-506.765000E-03,+136.130652E-03
-506.762500E-03,+130.854270E-03
-506.760000E-03,+130.854270E-03
-506.757500E-03,+132.437185E-03
-506.755000E-03,+133.492461E-03
-506.752500E-03,+130.854270E-03
-506.750000E-03,+129.271355E-03
-506.747500E-03,+128.216079E-03
-506.745000E-03,+130.854270E-03
-506.742500E-03,+130.854270E-03
-506.740000E-03,+130.854270E-03
-506.737500E-03,+130.854270E-03
-506.735000E-03,+129.271355E-03
-506.732500E-03,+128.216079E-03
-506.730000E-03,+130.854270E-03
-506.727500E-03,+130.854270E-03
-506.725000E-03,+129.271355E-03
-506.722500E-03,+128.216079E-03
-506.720000E-03,+130.854270E-03
-506.717500E-03,+130.854270E-03
-506.715000E-03,+130.854270E-03
-506.712500E-03,+132.437185E-03
-506.710000E-03,+133.492461E-03
-506.707500E-03,+130.854270E-03
-506.705000E-03,+129.271355E-03
-506.702500E-03,+128.216079E-03
-506.700000E-03,+130.854270E-03
-506.697500E-03,+130.854270E-03
-506.695000E-03,+130.854270E-03
-506.692500E-03,+130.854270E-03
-506.690000E-03,+130.854270E-03
-506.687500E-03,+127.688441E-03
-506.685000E-03,+128.743717E-03
-506.682500E-03,+137.713566E-03
-506.680000E-03,+133.492461E-03
-506.677500E-03,+130.854270E-03
-506.675000E-03,+126.105526E-03
-506.672500E-03,+121.356783E-03
-506.670000E-03,+128.216079E-03
-506.667500E-03,+130.854270E-03
-506.665000E-03,+130.854270E-03
-506.662500E-03,+130.854270E-03
-506.660000E-03,+129.271355E-03
-506.657500E-03,+128.216079E-03
-506.655000E-03,+130.854270E-03
-506.652500E-03,+130.854270E-03
-506.650000E-03,+129.271355E-03
-506.647500E-03,+129.798994E-03
-506.645000E-03,+131.909546E-03
-506.642500E-03,+128.216079E-03
-506.640000E-03,+129.271355E-03
-506.637500E-03,+126.633164E-03
-506.635000E-03,+126.633164E-03
-506.632500E-03,+128.216079E-03
-506.630000E-03,+129.271355E-03
-506.627500E-03,+128.216079E-03
-506.625000E-03,+129.271355E-03
-506.622500E-03,+126.633164E-03
-506.620000E-03,+126.633164E-03
-506.617500E-03,+128.216079E-03
-506.615000E-03,+130.854270E-03
-506.612500E-03,+129.271355E-03
-506.610000E-03,+128.216079E-03
-506.607500E-03,+129.271355E-03
-506.605000E-03,+126.633164E-03
-506.602500E-03,+128.216079E-03
-506.600000E-03,+130.854270E-03
-506.597500E-03,+129.271355E-03
-506.595000E-03,+128.216079E-03
-506.592500E-03,+130.854270E-03
-506.590000E-03,+129.271355E-03
-506.587500E-03,+126.633164E-03
-506.585000E-03,+126.633164E-03
-506.582500E-03,+126.633164E-03
-506.580000E-03,+126.633164E-03
-506.577500E-03,+128.216079E-03
-506.575000E-03,+129.271355E-03
-506.572500E-03,+126.633164E-03
-506.570000E-03,+126.633164E-03
-506.567500E-03,+128.216079E-03
-506.565000E-03,+129.271355E-03
-506.562500E-03,+126.633164E-03
-506.560000E-03,+126.633164E-03
-506.557500E-03,+128.216079E-03
-506.555000E-03,+129.271355E-03
-506.552500E-03,+126.633164E-03
-506.550000E-03,+126.633164E-03
-506.547500E-03,+125.050250E-03
-506.545000E-03,+123.994974E-03
-506.542500E-03,+126.633164E-03
-506.540000E-03,+126.633164E-03
-506.537500E-03,+126.633164E-03
-506.535000E-03,+126.633164E-03
-506.532500E-03,+126.633164E-03
-506.530000E-03,+129.798994E-03
-506.527500E-03,+131.909546E-03
-506.525000E-03,+128.216079E-03
-506.522500E-03,+129.271355E-03
-506.520000E-03,+126.633164E-03
-506.517500E-03,+128.216079E-03
-506.515000E-03,+129.271355E-03
-506.512500E-03,+126.633164E-03
-506.510000E-03,+128.216079E-03
-506.507500E-03,+129.271355E-03
-506.505000E-03,+126.633164E-03
-506.502500E-03,+125.050250E-03
-506.500000E-03,+125.577888E-03
-506.497500E-03,+129.271355E-03
-506.495000E-03,+126.633164E-03
-506.492500E-03,+125.050250E-03
-506.490000E-03,+123.994974E-03
-506.487500E-03,+126.633164E-03
-506.485000E-03,+126.633164E-03
-506.482500E-03,+126.633164E-03
-506.480000E-03,+128.216079E-03
-506.477500E-03,+129.271355E-03
-506.475000E-03,+126.633164E-03
-506.472500E-03,+128.216079E-03
-506.470000E-03,+130.854270E-03
-506.467500E-03,+129.271355E-03
-506.465000E-03,+126.633164E-03
-506.462500E-03,+126.633164E-03
-506.460000E-03,+126.633164E-03
-506.457500E-03,+126.633164E-03
-506.455000E-03,+126.633164E-03
-506.452500E-03,+126.633164E-03
-506.450000E-03,+126.633164E-03
-506.447500E-03,+126.633164E-03
-506.445000E-03,+126.633164E-03
-506.442500E-03,+126.633164E-03
-506.440000E-03,+128.216079E-03
-506.437500E-03,+130.854270E-03
-506.435000E-03,+129.271355E-03
-506.432500E-03,+128.216079E-03
-506.430000E-03,+130.854270E-03
-506.427500E-03,+129.271355E-03
-506.425000E-03,+126.633164E-03
-506.422500E-03,+126.633164E-03
-506.420000E-03,+126.633164E-03
-506.417500E-03,+126.633164E-03
-506.415000E-03,+126.633164E-03
-506.412500E-03,+128.216079E-03
-506.410000E-03,+127.688441E-03
-506.407500E-03,+122.412059E-03
-506.405000E-03,+123.994974E-03
-506.402500E-03,+126.633164E-03
-506.400000E-03,+126.633164E-03
-506.397500E-03,+126.633164E-03
-506.395000E-03,+125.050250E-03
-506.392500E-03,+123.994974E-03
-506.390000E-03,+126.633164E-03
-506.387500E-03,+128.216079E-03
-506.385000E-03,+129.271355E-03
-506.382500E-03,+129.798994E-03
-506.380000E-03,+131.909546E-03
-506.377500E-03,+126.633164E-03
-506.375000E-03,+128.216079E-03
-506.372500E-03,+130.854270E-03
-506.370000E-03,+127.688441E-03
-506.367500E-03,+125.577888E-03
-506.365000E-03,+129.271355E-03
-506.362500E-03,+125.050250E-03
-506.360000E-03,+123.994974E-03
-506.357500E-03,+126.633164E-03
-506.355000E-03,+128.216079E-03
-506.352500E-03,+130.854270E-03
-506.350000E-03,+130.854270E-03
-506.347500E-03,+129.271355E-03
-506.345000E-03,+128.216079E-03
-506.342500E-03,+129.271355E-03
-506.340000E-03,+126.633164E-03
-506.337500E-03,+126.633164E-03
-506.335000E-03,+128.216079E-03
-506.332500E-03,+129.271355E-03
-506.330000E-03,+128.216079E-03
-506.327500E-03,+130.854270E-03
-506.325000E-03,+129.271355E-03
-506.322500E-03,+126.633164E-03
-506.320000E-03,+126.633164E-03
-506.317500E-03,+128.216079E-03
-506.315000E-03,+129.271355E-03
-506.312500E-03,+123.467335E-03
-506.310000E-03,+121.356783E-03
-506.307500E-03,+126.633164E-03
-506.305000E-03,+126.633164E-03
-506.302500E-03,+126.633164E-03
-506.300000E-03,+128.216079E-03
-506.297500E-03,+130.854270E-03
-506.295000E-03,+129.271355E-03
-506.292500E-03,+125.050250E-03
-506.290000E-03,+125.577888E-03
-506.287500E-03,+129.271355E-03
-506.285000E-03,+128.216079E-03
-506.282500E-03,+129.271355E-03
-506.280000E-03,+126.633164E-03
-506.277500E-03,+126.633164E-03
-506.275000E-03,+125.050250E-03
-506.272500E-03,+123.994974E-03
-506.270000E-03,+125.050250E-03
-506.267500E-03,+123.994974E-03
-506.265000E-03,+126.633164E-03
-506.262500E-03,+126.633164E-03
-506.260000E-03,+125.050250E-03
-506.257500E-03,+125.577888E-03
-506.255000E-03,+129.271355E-03
-506.252500E-03,+128.216079E-03
-506.250000E-03,+127.688441E-03
-506.247500E-03,+123.994974E-03
-506.245000E-03,+126.633164E-03
-506.242500E-03,+126.633164E-03
-506.240000E-03,+125.050250E-03
-506.237500E-03,+123.994974E-03
-506.235000E-03,+126.633164E-03
-506.232500E-03,+128.216079E-03
-506.230000E-03,+129.271355E-03
-506.227500E-03,+126.633164E-03
-506.225000E-03,+126.633164E-03
-506.222500E-03,+125.050250E-03
-506.220000E-03,+122.412059E-03
-506.217500E-03,+123.994974E-03
-506.215000E-03,+126.633164E-03
-506.212500E-03,+126.633164E-03
-506.210000E-03,+126.633164E-03
-506.207500E-03,+125.050250E-03
-506.205000E-03,+123.994974E-03
-506.202500E-03,+123.467335E-03
-506.200000E-03,+121.356783E-03
-506.197500E-03,+126.633164E-03
-506.195000E-03,+125.050250E-03
-506.192500E-03,+122.412059E-03
-506.190000E-03,+123.994974E-03
-506.187500E-03,+126.633164E-03
-506.185000E-03,+126.633164E-03
-506.182500E-03,+125.050250E-03
-506.180000E-03,+123.994974E-03
-506.177500E-03,+125.050250E-03
-506.175000E-03,+123.994974E-03
-506.172500E-03,+126.633164E-03
-506.170000E-03,+126.633164E-03
-506.167500E-03,+126.633164E-03
-506.165000E-03,+126.633164E-03
-506.162500E-03,+126.633164E-03
-506.160000E-03,+128.216079E-03
-506.157500E-03,+129.271355E-03
-506.155000E-03,+126.633164E-03
-506.152500E-03,+126.633164E-03
